{
    "Bajram Curri" : [42.358668, 20.078401],
    "Ballsh" : [40.599809, 19.736077],
    "Berat" : [40.705508, 19.953484],
    "Bilisht" : [40.626167, 20.987095],
    "Bulqizë" : [41.501375, 20.216362],
    "Burrel" : [41.608943, 20.010395],
    "Cërrik" : [41.031777, 19.977929],
    "Çorovodë" : [40.507256, 20.227589],
    "Delvinë" : [39.948157, 20.095796],
    "Divjakë" : [40.996613, 19.527404],
    "Durrës" : [41.324869, 19.457772],
    "Elbasan" : [41.109712, 20.087327],
    "Ersekë" : [40.337438, 20.679971],
    "Fier" : [40.727589, 19.562713],
    "Fushë Arrëz" : [42.076786, 20.035565],
    "Fushë Krujë" : [41.477589, 19.720888],
    "Gjirokastër" : [40.067137, 20.105259],
    "Gramsh" : [40.869568, 20.186326],
    "Himarë" : [40.103258, 19.749920],
    "Kamëz" : [41.378512, 19.775541],
    "Kavajë" : [41.183843, 19.561042],
    "Konispol" : [39.663038, 20.176080],
    "Koplik" : [42.213142, 19.443611],
    "Korçë" : [40.614041, 20.777231],
    "Krastë" : [41.423035, 20.203965],
    "Krujë" : [41.509757, 19.774873],
    "Krumë" : [42.196540, 20.414110],
    "Kukës" : [42.080167, 20.415108],
    "Kuçovë" : [40.810293, 19.920530],
    "Këlcyrë" : [40.313182, 20.191337],
    "Kërrabë" : [41.217839, 19.971095],
    "Laç" : [41.641197, 19.705868],
    "Leskovik" : [40.152104, 20.598818],
    "Lezhë" : [41.783809, 19.642669],
    "Libohovë" : [40.030816, 20.264711],
    "Librazhd" : [41.182998, 20.317014],
    "Lushnjë" : [40.940806, 19.704494],
    "Maliq" : [40.708962, 20.699079],
    "Mamurras" : [41.577988, 19.696469],
    "Memaliaj" : [40.346951, 19.982307],
    "Milot" : [41.683695, 19.717498],
    "Orikum" : [40.326687, 19.474812],
    "Patos" : [40.687804, 19.622044],
    "Peqin" : [41.045326, 19.749598],
    "Peshkopi" : [41.684129, 20.427532],
    "Pogradec" : [40.901558, 20.654886],
    "Poliçan" : [40.606116, 20.099895],
    "Pukë" : [42.046919, 19.896302],
    "Përmet" : [40.232618, 20.354846],
    "Përrenjas" : [41.070826, 20.550173],
    "Rogozhinë" : [41.077846, 19.661643],
    "Roskovec" : [40.738437, 19.703164],
    "Rrëshen" : [41.767662, 19.877057],
    "Rubik" : [41.768438, 19.785958],
    "Sarandë" : [39.859180, 20.026295],
    "Selenicë" : [40.535997, 19.636645],
    "Shijak" : [41.345902, 19.565921],
    "Shkodër" : [42.070069, 19.502060],
    "Shtërmen" : [41.010078, 20.017497],
    "Shëngjin" : [41.814442, 19.592099],
    "Tepelenë" : [40.297513, 20.021553],
    "Tiranë" : [41.319802, 19.818971],
    "Ura Vajgurore" : [40.772018, 19.875051],
    "Vlorë" : [40.465159, 19.491803],
    "Vorë" : [41.393970, 19.656343]
}